more_90_days_overdue,total_customers,total_default,default_rate,risk_relative
0,33799,56,0.0016568537530696223,0.0947629779187333
1,1776,566,0.31869369369369427,18.227537223719018