age_quintile,total_customers,total_default,default_rate,min_age,max_age,faixa_etaria,avg_age,risk_relative
1,7115,219,0.030780042164441374,21,39,21-39,32.34392129304296,1.760450160771716
2,7115,169,0.02375263527758259,39,48,39-48,43.8479269149683,1.3585209003215513
3,7115,135,0.018973998594518617,48,56,48-56,52.073647224174366,1.0852090032154391
4,7115,62,0.0087139845397048356,56,65,56-65,60.627266338720872,0.49839228295820109
5,7115,37,0.0052002810962754852,65,109,65-109,73.778355586788422,0.29742765273312105