total_loan_quintile,total_customers,total_default,default_rate,avg_total_loan,number_loan,risk_relative
1,7115,201,0.028250175685172213,2.8063246661981687,1-4,1.6157556270096567
2,7115,161,0.022628250175685219,5.4864371047083473,4-7,1.2942122186495268
3,7115,81,0.011384399156711182,7.7539002108222075,7-9,0.65112540192926416
4,7115,88,0.012368236120871382,10.393253689388628,9-12,0.70739549839228555
5,7115,91,0.012789880534082925,16.474349964863006,12-57,0.7315112540192964